product,review,sentiment
HP Pavilion x360,Excellent build and smooth user experience.,positive
HP Pavilion x360,Excellent build and smooth user experience.,positive
Samsung Galaxy M14,Highly recommend this to others!,positive
Samsung Galaxy M14,Great display and camera quality.,positive
OnePlus Nord CE 3,Great display and camera quality.,positive
OnePlus Nord CE 3,Highly recommend this to others!,positive
Samsung Galaxy M14,Amazing performance and battery life!,positive
Redmi Note 13,Very satisfied with the product quality.,positive
Lenovo IdeaPad Slim 5,Excellent build and smooth user experience.,positive
Lenovo IdeaPad Slim 5,Excellent build and smooth user experience.,positive
HP Pavilion x360,Amazing performance and battery life!,positive
iPhone 14,Highly recommend this to others!,positive
Lenovo IdeaPad Slim 5,Great display and camera quality.,positive
MacBook Air M2,Excellent build and smooth user experience.,positive
Samsung Galaxy M14,Great display and camera quality.,positive
Redmi Note 13,Highly recommend this to others!,positive
iPhone 14,Great display and camera quality.,positive
OnePlus Nord CE 3,Great display and camera quality.,positive
OnePlus Nord CE 3,Excellent build and smooth user experience.,positive
OnePlus Nord CE 3,Highly recommend this to others!,positive
Redmi Note 13,Amazing performance and battery life!,positive
OnePlus Nord CE 3,Amazing performance and battery life!,positive
MacBook Air M2,Amazing performance and battery life!,positive
Dell Inspiron 15,Value for money and timely delivery.,positive
OnePlus Nord CE 3,Amazing performance and battery life!,positive
MacBook Air M2,Amazing performance and battery life!,positive
Lenovo IdeaPad Slim 5,Value for money and timely delivery.,positive
OnePlus Nord CE 3,Excellent build and smooth user experience.,positive
Redmi Note 13,Excellent build and smooth user experience.,positive
MacBook Air M2,Great display and camera quality.,positive
Dell Inspiron 15,Highly recommend this to others!,positive
iPhone 14,Excellent build and smooth user experience.,positive
MacBook Air M2,Highly recommend this to others!,positive
Samsung Galaxy M14,Very satisfied with the product quality.,positive
OnePlus Nord CE 3,Amazing performance and battery life!,positive
Redmi Note 13,Very satisfied with the product quality.,positive
Dell Inspiron 15,Very satisfied with the product quality.,positive
iPhone 14,Highly recommend this to others!,positive
MacBook Air M2,Great display and camera quality.,positive
OnePlus Nord CE 3,Amazing performance and battery life!,positive
Samsung Galaxy M14,Excellent build and smooth user experience.,positive
MacBook Air M2,Great display and camera quality.,positive
Lenovo IdeaPad Slim 5,Amazing performance and battery life!,positive
MacBook Air M2,Great display and camera quality.,positive
OnePlus Nord CE 3,Excellent build and smooth user experience.,positive
Lenovo IdeaPad Slim 5,Highly recommend this to others!,positive
OnePlus Nord CE 3,Great display and camera quality.,positive
iPhone 14,Amazing performance and battery life!,positive
OnePlus Nord CE 3,Excellent build and smooth user experience.,positive
MacBook Air M2,Great display and camera quality.,positive
iPhone 14,Amazing performance and battery life!,positive
Redmi Note 13,Value for money and timely delivery.,positive
HP Pavilion x360,Very satisfied with the product quality.,positive
Redmi Note 13,Very satisfied with the product quality.,positive
MacBook Air M2,Excellent build and smooth user experience.,positive
Redmi Note 13,Amazing performance and battery life!,positive
HP Pavilion x360,Highly recommend this to others!,positive
MacBook Air M2,Very satisfied with the product quality.,positive
OnePlus Nord CE 3,Value for money and timely delivery.,positive
OnePlus Nord CE 3,Great display and camera quality.,positive
Redmi Note 13,Amazing performance and battery life!,positive
MacBook Air M2,Great display and camera quality.,positive
Lenovo IdeaPad Slim 5,Great display and camera quality.,positive
Dell Inspiron 15,Great display and camera quality.,positive
iPhone 14,Excellent build and smooth user experience.,positive
Dell Inspiron 15,Highly recommend this to others!,positive
Dell Inspiron 15,Amazing performance and battery life!,positive
OnePlus Nord CE 3,Highly recommend this to others!,positive
Samsung Galaxy M14,Excellent build and smooth user experience.,positive
Redmi Note 13,Excellent build and smooth user experience.,positive
Redmi Note 13,Value for money and timely delivery.,positive
Dell Inspiron 15,Highly recommend this to others!,positive
Lenovo IdeaPad Slim 5,Amazing performance and battery life!,positive
MacBook Air M2,Great display and camera quality.,positive
iPhone 14,Great display and camera quality.,positive
OnePlus Nord CE 3,Very satisfied with the product quality.,positive
OnePlus Nord CE 3,Very satisfied with the product quality.,positive
Lenovo IdeaPad Slim 5,Very satisfied with the product quality.,positive
Dell Inspiron 15,Great display and camera quality.,positive
Redmi Note 13,Very satisfied with the product quality.,positive
Redmi Note 13,Excellent build and smooth user experience.,positive
Samsung Galaxy M14,Very satisfied with the product quality.,positive
iPhone 14,Amazing performance and battery life!,positive
MacBook Air M2,Very satisfied with the product quality.,positive
Lenovo IdeaPad Slim 5,Very satisfied with the product quality.,positive
Dell Inspiron 15,Amazing performance and battery life!,positive
Dell Inspiron 15,Amazing performance and battery life!,positive
iPhone 14,Highly recommend this to others!,positive
MacBook Air M2,Great display and camera quality.,positive
Lenovo IdeaPad Slim 5,Value for money and timely delivery.,positive
Dell Inspiron 15,Very satisfied with the product quality.,positive
MacBook Air M2,Value for money and timely delivery.,positive
Redmi Note 13,Highly recommend this to others!,positive
OnePlus Nord CE 3,Very satisfied with the product quality.,positive
HP Pavilion x360,Great display and camera quality.,positive
Samsung Galaxy M14,Very satisfied with the product quality.,positive
Samsung Galaxy M14,Great display and camera quality.,positive
OnePlus Nord CE 3,Value for money and timely delivery.,positive
Samsung Galaxy M14,Great display and camera quality.,positive
Samsung Galaxy M14,Amazing performance and battery life!,positive
Lenovo IdeaPad Slim 5,Not worth the price at all.,negative
MacBook Air M2,Battery drains quickly and heats up.,negative
OnePlus Nord CE 3,Received a defective product.,negative
HP Pavilion x360,Not worth the price at all.,negative
iPhone 14,Not worth the price at all.,negative
Dell Inspiron 15,Camera quality is poor in low light.,negative
Lenovo IdeaPad Slim 5,Build quality feels cheap and fragile.,negative
HP Pavilion x360,Received a defective product.,negative
MacBook Air M2,Camera quality is poor in low light.,negative
HP Pavilion x360,Performance is laggy and disappointing.,negative
Lenovo IdeaPad Slim 5,Battery drains quickly and heats up.,negative
Samsung Galaxy M14,Camera quality is poor in low light.,negative
iPhone 14,Performance is laggy and disappointing.,negative
MacBook Air M2,Performance is laggy and disappointing.,negative
Lenovo IdeaPad Slim 5,Performance is laggy and disappointing.,negative
MacBook Air M2,Build quality feels cheap and fragile.,negative
Redmi Note 13,Not worth the price at all.,negative
Samsung Galaxy M14,Camera quality is poor in low light.,negative
Samsung Galaxy M14,Camera quality is poor in low light.,negative
HP Pavilion x360,Received a defective product.,negative
Redmi Note 13,Battery drains quickly and heats up.,negative
iPhone 14,Camera quality is poor in low light.,negative
Samsung Galaxy M14,Not worth the price at all.,negative
Lenovo IdeaPad Slim 5,Performance is laggy and disappointing.,negative
iPhone 14,Received a defective product.,negative
OnePlus Nord CE 3,Performance is laggy and disappointing.,negative
MacBook Air M2,Camera quality is poor in low light.,negative
Dell Inspiron 15,Build quality feels cheap and fragile.,negative
HP Pavilion x360,Camera quality is poor in low light.,negative
Dell Inspiron 15,Not worth the price at all.,negative
Samsung Galaxy M14,Not worth the price at all.,negative
iPhone 14,Build quality feels cheap and fragile.,negative
Redmi Note 13,Not worth the price at all.,negative
OnePlus Nord CE 3,Camera quality is poor in low light.,negative
MacBook Air M2,Not worth the price at all.,negative
Samsung Galaxy M14,Build quality feels cheap and fragile.,negative
Dell Inspiron 15,Received a defective product.,negative
iPhone 14,Build quality feels cheap and fragile.,negative
Lenovo IdeaPad Slim 5,Received a defective product.,negative
Redmi Note 13,Build quality feels cheap and fragile.,negative
Lenovo IdeaPad Slim 5,Battery drains quickly and heats up.,negative
iPhone 14,Build quality feels cheap and fragile.,negative
Lenovo IdeaPad Slim 5,Battery drains quickly and heats up.,negative
Redmi Note 13,Performance is laggy and disappointing.,negative
Lenovo IdeaPad Slim 5,Camera quality is poor in low light.,negative
HP Pavilion x360,Received a defective product.,negative
HP Pavilion x360,Not worth the price at all.,negative
iPhone 14,Received a defective product.,negative
Redmi Note 13,Build quality feels cheap and fragile.,negative
Dell Inspiron 15,Received a defective product.,negative
HP Pavilion x360,Camera quality is poor in low light.,negative
OnePlus Nord CE 3,Not worth the price at all.,negative
Lenovo IdeaPad Slim 5,Camera quality is poor in low light.,negative
Redmi Note 13,Camera quality is poor in low light.,negative
iPhone 14,Battery drains quickly and heats up.,negative
Dell Inspiron 15,Camera quality is poor in low light.,negative
MacBook Air M2,Build quality feels cheap and fragile.,negative
Dell Inspiron 15,Performance is laggy and disappointing.,negative
Samsung Galaxy M14,Performance is laggy and disappointing.,negative
HP Pavilion x360,Battery drains quickly and heats up.,negative
Redmi Note 13,Not worth the price at all.,negative
iPhone 14,Not worth the price at all.,negative
Samsung Galaxy M14,Build quality feels cheap and fragile.,negative
OnePlus Nord CE 3,Not worth the price at all.,negative
HP Pavilion x360,Not worth the price at all.,negative
Dell Inspiron 15,Performance is laggy and disappointing.,negative
Dell Inspiron 15,Battery drains quickly and heats up.,negative
OnePlus Nord CE 3,Received a defective product.,negative
Dell Inspiron 15,Performance is laggy and disappointing.,negative
OnePlus Nord CE 3,Battery drains quickly and heats up.,negative
HP Pavilion x360,Battery drains quickly and heats up.,negative
iPhone 14,Build quality feels cheap and fragile.,negative
Lenovo IdeaPad Slim 5,Camera quality is poor in low light.,negative
HP Pavilion x360,Camera quality is poor in low light.,negative
Samsung Galaxy M14,Battery drains quickly and heats up.,negative
HP Pavilion x360,Performance is laggy and disappointing.,negative
OnePlus Nord CE 3,Build quality feels cheap and fragile.,negative
Lenovo IdeaPad Slim 5,Performance is laggy and disappointing.,negative
iPhone 14,Camera quality is poor in low light.,negative
OnePlus Nord CE 3,Performance is laggy and disappointing.,negative
iPhone 14,Received a defective product.,negative
MacBook Air M2,Battery drains quickly and heats up.,negative
Redmi Note 13,Build quality feels cheap and fragile.,negative
Dell Inspiron 15,Build quality feels cheap and fragile.,negative
Lenovo IdeaPad Slim 5,Battery drains quickly and heats up.,negative
MacBook Air M2,Received a defective product.,negative
HP Pavilion x360,Performance is laggy and disappointing.,negative
iPhone 14,Battery drains quickly and heats up.,negative
HP Pavilion x360,Not worth the price at all.,negative
Samsung Galaxy M14,Performance is laggy and disappointing.,negative
OnePlus Nord CE 3,Received a defective product.,negative
MacBook Air M2,Camera quality is poor in low light.,negative
MacBook Air M2,Battery drains quickly and heats up.,negative
iPhone 14,Build quality feels cheap and fragile.,negative
HP Pavilion x360,Build quality feels cheap and fragile.,negative
OnePlus Nord CE 3,Performance is laggy and disappointing.,negative
OnePlus Nord CE 3,Not worth the price at all.,negative
Redmi Note 13,Build quality feels cheap and fragile.,negative
OnePlus Nord CE 3,Build quality feels cheap and fragile.,negative
MacBook Air M2,Not worth the price at all.,negative
